subject,subclass,text
network_security,defensive,npm
network_security,defensive,antivirus
network_security,defensive,plane
network_security,defensive,report
network_security,defensive,guarding
network_security,defensive,behavior-based
network_security,defensive,classification
network_security,defensive,measurement
network_security,defensive,certainly
network_security,defensive,explanations
network_security,defensive,state-of-the-art
network_security,defensive,remove
network_security,defensive,viruses
network_security,defensive,vnf
network_security,defensive,cloud
network_security,defensive,providers
network_security,defensive,dpi
network_security,defensive,translates
network_security,defensive,format
network_security,defensive,unusually
network_security,educational,router
network_security,educational,unreachable
network_security,educational,ipv
network_security,educational,timestamped
network_security,educational,ospf
network_security,educational,switch
network_security,educational,connected
network_security,educational,igmp
network_security,educational,ldp
network_security,educational,spanning
network_security,educational,tree
network_security,educational,shortest
network_security,educational,first
network_security,educational,subnet
network_security,educational,collection
network_security,educational,default
network_security,educational,routes
network_security,educational,resolution
network_security,educational,ntp
network_security,educational,high
network_security,offensive,probing
network_security,offensive,systematically
network_security,offensive,nmap
network_security,offensive,targets
network_security,offensive,small
network_security,offensive,remotely
network_security,offensive,entities
network_security,offensive,enumerating
network_security,offensive,sweep
network_security,offensive,tracer
network_security,offensive,lanman
network_security,offensive,burp
network_security,offensive,ccs
network_security,offensive,fire
network_security,offensive,actively
network_security,offensive,examining
network_security,offensive,discovering
network_security,offensive,become
network_security,offensive,inaccessible
network_security,offensive,examination
network_security,evasive,pivoting
network_security,evasive,blackholing
network_security,evasive,rsh
network_security,evasive,deterrence
network_security,evasive,preventing
network_security,evasive,seos
network_security,evasive,amplification
network_security,evasive,dqas
network_security,evasive,slow
network_security,evasive,openflow
network_security,evasive,mux
network_security,evasive,route
network_security,evasive,failover
network_security,evasive,nip
network_security,evasive,nsmts
network_security,evasive,snort
network_security,evasive,suricata
network_security,evasive,tagging
network_security,evasive,urls
network_security,evasive,basics
network_security,destructive,disruption
network_security,destructive,surge
network_security,destructive,storm
network_security,destructive,blackout
network_security,destructive,disrupts
network_security,destructive,hole
network_security,destructive,volume
network_security,destructive,disruptions
network_security,destructive,floodlighting
network_security,destructive,america
network_security,destructive,device's
network_security,destructive,poisonous
network_security,destructive,installation
network_security,destructive,mil
network_security,destructive,phage
network_security,destructive,ransack
network_security,destructive,siphon
network_security,destructive,ccn
network_security,destructive,troq
network_security,destructive,round
application_security,defensive,sanitization
application_security,defensive,patching
application_security,defensive,compliance
application_security,defensive,ikev
application_security,defensive,verify
application_security,defensive,headers
application_security,defensive,diving
application_security,defensive,comply
application_security,defensive,validate
application_security,defensive,tests
application_security,defensive,als
application_security,defensive,code-security
application_security,defensive,scoring
application_security,defensive,intruders
application_security,defensive,keyloggers
application_security,defensive,kit
application_security,defensive,researcher
application_security,defensive,quality
application_security,defensive,alp
application_security,defensive,ams
application_security,educational,aws
application_security,educational,cloud
application_security,educational,cdn
application_security,educational,continuous
application_security,educational,elastic
application_security,educational,docker
application_security,educational,kubernetes
application_security,educational,amazon
application_security,educational,alb
application_security,educational,microservices
application_security,educational,sdk
application_security,educational,balancer
application_security,educational,serverless
application_security,educational,scp
application_security,educational,sbp
application_security,educational,apm
application_security,educational,cluster
application_security,educational,containerization
application_security,educational,mysql
application_security,educational,hackers
application_security,offensive,fuzzing
application_security,offensive,exceeds
application_security,offensive,occurs
application_security,offensive,allocated
application_security,offensive,space
application_security,offensive,overload
application_security,offensive,find
application_security,offensive,variables
application_security,offensive,outcomes
application_security,offensive,rainbow
application_security,offensive,strings
application_security,offensive,crashes
application_security,offensive,zap
application_security,offensive,fuzz
application_security,offensive,underflow
application_security,offensive,insertion
application_security,offensive,capacity
application_security,offensive,overflows
application_security,offensive,injects
application_security,offensive,unexpected
application_security,evasive,inverted
application_security,evasive,misused
application_security,evasive,decrypting
application_security,evasive,involved
application_security,evasive,firmware
application_security,evasive,acp
application_security,evasive,black-box
application_security,evasive,mesh
application_security,evasive,direct
application_security,evasive,idoa
application_security,evasive,alamp
application_security,evasive,manner
application_security,evasive,engineer
application_security,evasive,skip
application_security,evasive,eviability
application_security,evasive,mitigate
application_security,evasive,either
application_security,evasive,evaluating
application_security,evasive,mathematics
application_security,evasive,chain
application_security,destructive,crashing
application_security,destructive,corrupting
application_security,destructive,corrupted
application_security,destructive,sqlyog
application_security,destructive,crushing
application_security,destructive,violence
application_security,destructive,undermine
application_security,destructive,strength
application_security,destructive,corruptive
application_security,destructive,misuse
application_security,destructive,spreading
application_security,destructive,erosion
application_security,destructive,deterioration
application_security,destructive,deterministic
application_security,destructive,actor
application_security,destructive,manipulates
application_security,destructive,stronger
application_security,destructive,situation
application_security,destructive,resulting
application_security,destructive,dusty
identity_access,defensive,kubernetes
identity_access,defensive,jwts
identity_access,defensive,expire
identity_access,defensive,behalf
identity_access,defensive,recording
identity_access,defensive,tenant
identity_access,defensive,cluster
identity_access,defensive,container
identity_access,defensive,role-level
identity_access,defensive,rlac
identity_access,defensive,application-specific
identity_access,defensive,tat
identity_access,defensive,session-based
identity_access,defensive,sbac
identity_access,defensive,context-aware
identity_access,defensive,cacc
identity_access,defensive,entity-based
identity_access,defensive,ebac
identity_access,defensive,uac
identity_access,defensive,urbc
identity_access,educational,keycloak
identity_access,educational,logout
identity_access,educational,google
identity_access,educational,stateless
identity_access,educational,sts
identity_access,educational,owner
identity_access,educational,providers
identity_access,educational,facebook
identity_access,educational,required
identity_access,educational,client-side
identity_access,educational,tac
identity_access,educational,ldap
identity_access,educational,enrollment
identity_access,educational,webauthn
identity_access,educational,sessions
identity_access,educational,image
identity_access,educational,sign-in
identity_access,educational,sign-up
identity_access,educational,ksp
identity_access,educational,broker
identity_access,offensive,harvesting
identity_access,offensive,hunting
identity_access,offensive,browsing
identity_access,offensive,pms
identity_access,offensive,crafting
identity_access,offensive,spearware
identity_access,offensive,optimization
identity_access,offensive,formation
identity_access,offensive,relate
identity_access,offensive,scraper
identity_access,offensive,wapi
identity_access,offensive,believing
identity_access,offensive,include
identity_access,offensive,fingerprint
identity_access,offensive,facial
identity_access,offensive,iris
identity_access,offensive,exchanges
identity_access,offensive,temporary
identity_access,offensive,performing
identity_access,offensive,fingerprints
identity_access,evasive,ticket
identity_access,evasive,tokenized
identity_access,evasive,iot
identity_access,evasive,lateral
identity_access,evasive,movement
identity_access,evasive,scenario
identity_access,evasive,ieh
identity_access,evasive,escalating
identity_access,evasive,escalate
identity_access,evasive,scoping
identity_access,evasive,iatf
identity_access,evasive,mitigating
identity_access,evasive,internet-of-things
identity_access,evasive,cosub
identity_access,evasive,credential-oriented
identity_access,evasive,governing
identity_access,evasive,description
identity_access,evasive,owsld
identity_access,evasive,enhance
identity_access,evasive,two-step
identity_access,destructive,proper
identity_access,destructive,intercept
identity_access,destructive,handling
identity_access,destructive,location
identity_access,destructive,transferring
identity_access,destructive,insiders
identity_access,destructive,lookup
identity_access,destructive,deterrence
identity_access,destructive,another's
identity_access,destructive,metaphone
identity_access,destructive,transformation
identity_access,destructive,unavailable
identity_access,destructive,slow
identity_access,destructive,down
identity_access,destructive,multi-mission
identity_access,destructive,multi-target
identity_access,destructive,modify
identity_access,destructive,reception
identity_access,destructive,way
identity_access,destructive,experience
cryptography,defensive,salt
cryptography,defensive,dhe
cryptography,defensive,certification
cryptography,defensive,iso
cryptography,defensive,fips
cryptography,defensive,finite
cryptography,defensive,proves
cryptography,defensive,initialization
cryptography,defensive,bcenc
cryptography,defensive,cng
cryptography,defensive,eccdsa
cryptography,defensive,rsapkcs
cryptography,defensive,rsaes-gcm
cryptography,defensive,ecdh-evp
cryptography,defensive,challenge-response
cryptography,defensive,note
cryptography,defensive,extremely
cryptography,defensive,extensive
cryptography,defensive,covers
cryptography,defensive,found
cryptography,educational,non-repudiation
cryptography,educational,securing
cryptography,educational,eax
cryptography,educational,zkp
cryptography,educational,jargons
cryptography,educational,appropriate
cryptography,educational,consisting
cryptography,educational,kept
cryptography,educational,among
cryptography,educational,variant
cryptography,educational,unsecured
cryptography,educational,exposing
cryptography,educational,client's
cryptography,educational,cpr
cryptography,educational,hbcas
cryptography,educational,pck
cryptography,educational,nrp
cryptography,educational,hike
cryptography,educational,hdf
cryptography,educational,kap
cryptography,offensive,shor's
cryptography,offensive,factorization
cryptography,offensive,shortest
cryptography,offensive,integer
cryptography,offensive,discrete
cryptography,offensive,logarithm
cryptography,offensive,exponentiation
cryptography,offensive,lattice
cryptography,offensive,fourier
cryptography,offensive,correction
cryptography,offensive,grover's
cryptography,offensive,lattice-based
cryptography,offensive,search
cryptography,offensive,schnorr
cryptography,offensive,phase
cryptography,offensive,estimation
cryptography,offensive,fft
cryptography,offensive,pre-quantum
cryptography,offensive,lemma
cryptography,offensive,factor
cryptography,evasive,twofish
cryptography,evasive,aesgcm
cryptography,evasive,plain
cryptography,evasive,strong
cryptography,evasive,xts
cryptography,evasive,xor-transposition-substitution
cryptography,evasive,adleman
cryptography,evasive,counter
cryptography,evasive,lfsr
cryptography,evasive,linear
cryptography,evasive,feedback
cryptography,evasive,shift
cryptography,evasive,register
cryptography,evasive,lwe
cryptography,evasive,crypt
cryptography,evasive,evp
cryptography,evasive,cryptographic-related
cryptography,evasive,stego
cryptography,evasive,stealth
cryptography,evasive,asymmetric-key
cryptography,destructive,watermarking
cryptography,destructive,tamper
cryptography,destructive,chain
cryptography,destructive,crypto-policy
cryptography,destructive,mpc
cryptography,destructive,though
cryptography,destructive,were
cryptography,destructive,change
cryptography,destructive,obstruct
cryptography,destructive,already
cryptography,destructive,restoring
cryptography,destructive,giving
cryptography,destructive,unknown
cryptography,destructive,criminal
cryptography,destructive,illegally
cryptography,destructive,obtaining
cryptography,destructive,maliciously
cryptography,destructive,robbering
cryptography,destructive,money
cryptography,destructive,items
social_engineering,defensive,forensic
social_engineering,defensive,denial-of-services
social_engineering,defensive,perception
social_engineering,defensive,sget
social_engineering,defensive,sev
social_engineering,defensive,soes
social_engineering,defensive,pivs
social_engineering,defensive,ets
social_engineering,defensive,sferf
social_engineering,defensive,ofdt
social_engineering,defensive,assessments
social_engineering,defensive,seva
social_engineering,defensive,modeling
social_engineering,defensive,setm
social_engineering,defensive,sefa
social_engineering,defensive,seti
social_engineering,defensive,sbes
social_engineering,defensive,proof-of-concept
social_engineering,defensive,socp
social_engineering,defensive,scavenger
social_engineering,educational,theory
social_engineering,educational,desirability
social_engineering,educational,effects
social_engineering,educational,peer
social_engineering,educational,pressure
social_engineering,educational,biases
social_engineering,educational,comparison
social_engineering,educational,personalization
social_engineering,educational,disinformation
social_engineering,educational,dynamics
social_engineering,educational,suggestion
social_engineering,educational,students
social_engineering,educational,reasoning
social_engineering,educational,moral
social_engineering,educational,culture
social_engineering,educational,loafing
social_engineering,educational,self-presentation
social_engineering,educational,polls
social_engineering,educational,conformity
social_engineering,educational,ethics
social_engineering,offensive,pretest
social_engineering,offensive,tailgating
social_engineering,offensive,pretext
social_engineering,offensive,recipients
social_engineering,offensive,snitching
social_engineering,offensive,vehicle
social_engineering,offensive,snipe
social_engineering,offensive,z-sec
social_engineering,offensive,zipper
social_engineering,offensive,intent
social_engineering,offensive,spam
social_engineering,offensive,rallying
social_engineering,offensive,following
social_engineering,offensive,wrong
social_engineering,offensive,entice
social_engineering,offensive,surprise
social_engineering,offensive,vishing
social_engineering,offensive,scares
social_engineering,offensive,tease
social_engineering,offensive,tread
social_engineering,evasive,misdirection
social_engineering,evasive,framing
social_engineering,evasive,frame
social_engineering,evasive,rationale
social_engineering,evasive,cyberstalking
social_engineering,evasive,phases
social_engineering,evasive,dettectors
social_engineering,evasive,agency
social_engineering,evasive,rake
social_engineering,evasive,campaigning
social_engineering,evasive,dissection
social_engineering,evasive,counterme
social_engineering,evasive,dangers
social_engineering,evasive,tax
social_engineering,evasive,home
social_engineering,evasive,medical
social_engineering,evasive,work
social_engineering,evasive,government
social_engineering,evasive,corporate
social_engineering,evasive,vulnaulization
social_engineering,destructive,sets
social_engineering,destructive,spyware
social_engineering,destructive,incidents
social_engineering,destructive,malformed
social_engineering,destructive,fabrication
social_engineering,destructive,vandalism
social_engineering,destructive,explained
social_engineering,destructive,overview
social_engineering,destructive,cycle
social_engineering,destructive,seek
social_engineering,destructive,coercion
social_engineering,destructive,spams
social_engineering,destructive,incursions
social_engineering,destructive,rackets
social_engineering,destructive,controversies
social_engineering,destructive,reviews
social_engineering,destructive,bait-and-channel
social_engineering,destructive,trojans
social_engineering,destructive,whistleblower
social_engineering,destructive,user-centered
